"Thursday, 29 July 2021"
"Wednesday, 6 October 2021"
"Tuesday, 11 February 2020"
"Friday, 21 May 2021"
"Wednesday, 6 January 2021"
"Friday, 13 March 2020"
"Friday, 8 January 2021"
"Wednesday, 16 September 2020"
"Tuesday, 23 June 2020"
"Thursday, 11 February 2021"
"Saturday, 11 December 2021"
"Sunday, 14 June 2020"
"Sunday, 28 February 2021"
"Sunday, 14 March 2021"
"Tuesday, 21 December 2021"
"Monday, 14 September 2020"
"Sunday, 26 July 2020"
"Tuesday, 11 February 2020"
"Tuesday, 3 March 2020"
"Saturday, 18 September 2021"
"Sunday, 31 January 2021"
"Wednesday, 1 December 2021"
"Monday, 9 August 2021"
"Sunday, 14 February 2021"
"Friday, 21 May 2021"
"Saturday, 8 February 2020"
"Sunday, 16 February 2020"
"Saturday, 18 September 2021"
"Tuesday, 11 August 2020"
"Friday, 21 May 2021"
"Monday, 24 February 2020"
"Thursday, 25 February 2021"
"Monday, 27 September 2021"
"Wednesday, 12 February 2020"
"Sunday, 23 May 2021"
"Monday, 23 August 2021"
"Sunday, 14 June 2020"
"Friday, 21 February 2020"
"Monday, 21 December 2020"
"Thursday, 19 November 2020"
"Wednesday, 28 October 2020"
"Saturday, 13 March 2021"
"Tuesday, 27 July 2021"
"Tuesday, 19 October 2021"
"Tuesday, 7 September 2021"
"Friday, 14 May 2021"
"Sunday, 25 April 2021"
"Tuesday, 29 June 2021"
"Wednesday, 24 February 2021"
"Tuesday, 13 April 2021"
"Thursday, 26 March 2020"
"Sunday, 3 October 2021"
"Monday, 6 January 2020"
"Thursday, 12 August 2021"
"Tuesday, 15 June 2021"
"Sunday, 12 December 2021"
"Friday, 20 November 2020"
"Monday, 29 March 2021"
"Sunday, 21 March 2021"
"Saturday, 18 July 2020"
"Sunday, 17 October 2021"
"Tuesday, 5 January 2021"
"Thursday, 4 November 2021"
"Saturday, 27 November 2021"
"Wednesday, 17 November 2021"
"Saturday, 22 May 2021"
"Tuesday, 4 February 2020"
"Saturday, 2 October 2021"
"Friday, 26 February 2021"
"Monday, 5 July 2021"
"Sunday, 5 April 2020"
"Monday, 2 November 2020"
"Sunday, 28 November 2021"
"Saturday, 29 February 2020"
"Monday, 17 February 2020"
"Monday, 2 November 2020"
"Sunday, 22 March 2020"
"Wednesday, 15 January 2020"
"Monday, 5 July 2021"
"Thursday, 9 January 2020"
"Monday, 8 June 2020"
"Saturday, 13 March 2021"
"Sunday, 28 June 2020"
"Tuesday, 28 July 2020"
"Tuesday, 13 October 2020"
"Saturday, 7 March 2020"
"Monday, 14 September 2020"
"Wednesday, 24 June 2020"
"Saturday, 12 June 2021"
"Tuesday, 6 July 2021"
"Friday, 1 January 2021"
"Saturday, 21 November 2020"
"Wednesday, 6 May 2020"
"Tuesday, 17 March 2020"
"Saturday, 11 September 2021"
"Sunday, 28 June 2020"
"Saturday, 24 July 2021"
"Thursday, 30 January 2020"
"Sunday, 29 March 2020"
"Monday, 27 January 2020"
"Wednesday, 29 December 2021"
"Thursday, 23 January 2020"
"Wednesday, 26 August 2020"
"Friday, 2 October 2020"
"Wednesday, 12 February 2020"
"Monday, 8 June 2020"
"Monday, 30 March 2020"
"Saturday, 18 July 2020"
"Wednesday, 15 December 2021"
"Friday, 6 March 2020"
"Saturday, 8 May 2021"
"Wednesday, 27 October 2021"
"Thursday, 30 April 2020"
"Monday, 9 August 2021"
"Friday, 20 August 2021"
"Saturday, 20 March 2021"
"Tuesday, 20 April 2021"
"Wednesday, 15 September 2021"
"Thursday, 18 March 2021"
"Thursday, 19 November 2020"
"Sunday, 4 April 2021"
"Saturday, 25 January 2020"
"Friday, 18 June 2021"
"Tuesday, 18 August 2020"
"Sunday, 6 September 2020"
"Wednesday, 8 January 2020"
"Tuesday, 17 August 2021"
"Thursday, 15 July 2021"
"Saturday, 29 August 2020"
"Monday, 20 December 2021"
"Saturday, 11 July 2020"
"Thursday, 4 November 2021"
"Tuesday, 6 July 2021"
"Monday, 20 January 2020"
"Wednesday, 12 August 2020"
"Wednesday, 5 August 2020"
"Monday, 28 June 2021"
"Tuesday, 27 April 2021"
"Tuesday, 22 June 2021"
"Friday, 8 May 2020"
"Tuesday, 13 July 2021"
"Sunday, 31 May 2020"
"Monday, 20 April 2020"
"Thursday, 6 August 2020"
"Wednesday, 17 February 2021"
"Tuesday, 26 May 2020"
"Tuesday, 22 June 2021"
"Sunday, 6 December 2020"
"Thursday, 25 February 2021"
"Tuesday, 12 October 2021"
"Wednesday, 13 May 2020"
"Saturday, 23 January 2021"
"Thursday, 28 January 2021"
"Sunday, 7 February 2021"
"Tuesday, 5 October 2021"
"Monday, 20 September 2021"
"Saturday, 3 July 2021"
"Tuesday, 29 June 2021"
"Friday, 13 November 2020"
"Monday, 17 February 2020"
"Saturday, 6 March 2021"
"Friday, 12 June 2020"
"Monday, 19 October 2020"
"Sunday, 7 June 2020"
"Friday, 23 July 2021"
"Saturday, 21 November 2020"
"Wednesday, 5 August 2020"
"Friday, 28 August 2020"
"Thursday, 4 March 2021"
"Thursday, 16 December 2021"
"Tuesday, 2 June 2020"
"Thursday, 9 January 2020"
"Saturday, 2 May 2020"
"Monday, 4 May 2020"
"Thursday, 27 May 2021"
"Friday, 4 June 2021"
"Friday, 14 August 2020"
"Wednesday, 10 March 2021"
"Thursday, 27 August 2020"
"Tuesday, 24 August 2021"
"Tuesday, 30 June 2020"
"Sunday, 30 May 2021"
"Thursday, 19 August 2021"
"Sunday, 21 June 2020"
"Monday, 30 November 2020"
"Thursday, 30 January 2020"
"Wednesday, 4 August 2021"
"Thursday, 29 April 2021"
"Monday, 27 April 2020"
"Thursday, 12 March 2020"
"Thursday, 13 February 2020"
"Wednesday, 1 April 2020"
"Saturday, 24 July 2021"
"Friday, 14 May 2021"
"Tuesday, 19 January 2021"
"Wednesday, 3 February 2021"
"Thursday, 10 June 2021"
"Sunday, 12 April 2020"
"Friday, 30 October 2020"
"Wednesday, 19 August 2020"
"Saturday, 8 May 2021"
"Monday, 19 October 2020"
"Tuesday, 4 May 2021"
"Thursday, 9 January 2020"
"Thursday, 2 April 2020"
"Wednesday, 8 April 2020"
"Sunday, 6 September 2020"
"Wednesday, 3 June 2020"
"Sunday, 15 August 2021"
"Thursday, 27 May 2021"
"Wednesday, 18 November 2020"
"Thursday, 24 December 2020"
"Monday, 7 June 2021"
"Sunday, 30 May 2021"
"Monday, 2 August 2021"
"Tuesday, 2 June 2020"
"Monday, 29 March 2021"
"Sunday, 7 June 2020"
"Saturday, 16 January 2021"
"Saturday, 5 June 2021"
"Monday, 15 June 2020"
"Monday, 5 April 2021"
"Sunday, 22 March 2020"
"Monday, 13 September 2021"
"Monday, 12 July 2021"
"Friday, 15 May 2020"
"Sunday, 22 November 2020"
"Friday, 5 March 2021"
"Wednesday, 15 July 2020"
"Wednesday, 17 November 2021"
"Sunday, 15 August 2021"
"Friday, 26 February 2021"
"Monday, 13 September 2021"
"Wednesday, 28 July 2021"
"Saturday, 27 March 2021"
"Thursday, 21 May 2020"
"Thursday, 2 December 2021"
"Friday, 9 July 2021"
"Sunday, 31 January 2021"
"Wednesday, 9 December 2020"
"Tuesday, 28 January 2020"
"Tuesday, 10 November 2020"
"Sunday, 29 August 2021"
"Tuesday, 21 September 2021"
"Saturday, 27 November 2021"
"Sunday, 25 April 2021"
"Thursday, 17 June 2021"
"Saturday, 21 November 2020"
"Sunday, 6 September 2020"
"Tuesday, 13 October 2020"
"Tuesday, 8 December 2020"
"Monday, 14 December 2020"
"Sunday, 19 July 2020"
"Saturday, 21 November 2020"
"Wednesday, 28 April 2021"
"Monday, 19 July 2021"
"Tuesday, 25 May 2021"
"Monday, 28 September 2020"
"Saturday, 10 July 2021"
"Thursday, 26 November 2020"
"Friday, 11 June 2021"
"Wednesday, 9 June 2021"
"Thursday, 20 February 2020"
"Monday, 15 November 2021"
"Sunday, 3 May 2020"
"Wednesday, 22 September 2021"
"Saturday, 19 June 2021"
"Friday, 31 January 2020"
"Monday, 28 June 2021"
"Thursday, 11 March 2021"
"Monday, 16 November 2020"
"Thursday, 26 March 2020"
"Tuesday, 17 August 2021"
"Wednesday, 18 November 2020"
"Tuesday, 6 July 2021"
"Tuesday, 2 November 2021"
"Tuesday, 28 January 2020"
"Tuesday, 6 October 2020"
"Thursday, 4 March 2021"
"Thursday, 28 October 2021"
"Tuesday, 17 March 2020"
"Saturday, 29 August 2020"
"Sunday, 12 September 2021"
"Wednesday, 20 May 2020"
"Friday, 31 July 2020"
"Friday, 22 May 2020"
"Tuesday, 14 July 2020"
"Wednesday, 15 January 2020"
"Monday, 22 November 2021"
"Thursday, 23 September 2021"
"Sunday, 22 March 2020"
"Sunday, 9 August 2020"
"Wednesday, 11 August 2021"
"Sunday, 20 June 2021"
"Sunday, 12 September 2021"
"Sunday, 26 December 2021"
"Friday, 9 April 2021"
"Saturday, 29 May 2021"
"Sunday, 7 November 2021"
"Saturday, 21 November 2020"
"Monday, 22 November 2021"
"Sunday, 6 June 2021"
"Saturday, 25 July 2020"
"Friday, 28 August 2020"
"Wednesday, 2 September 2020"
"Tuesday, 9 November 2021"
"Thursday, 16 September 2021"
"Saturday, 12 December 2020"
"Friday, 19 March 2021"
"Tuesday, 1 June 2021"
"Saturday, 20 November 2021"
"Sunday, 13 December 2020"
"Thursday, 4 November 2021"
"Saturday, 12 September 2020"
"Wednesday, 9 September 2020"
"Friday, 20 November 2020"
"Thursday, 14 May 2020"
"Sunday, 13 September 2020"
"Wednesday, 12 February 2020"
"Saturday, 16 January 2021"
"Friday, 26 June 2020"
"Thursday, 20 May 2021"
"Sunday, 25 April 2021"
"Tuesday, 16 June 2020"
"Monday, 21 June 2021"
"Thursday, 14 May 2020"
"Saturday, 24 July 2021"
"Sunday, 25 April 2021"
"Saturday, 2 May 2020"
"Saturday, 5 December 2020"
"Friday, 9 April 2021"
"Thursday, 7 October 2021"
"Saturday, 1 August 2020"
"Saturday, 20 March 2021"
"Saturday, 25 April 2020"
"Friday, 30 April 2021"
"Tuesday, 14 December 2021"
"Monday, 3 May 2021"
"Friday, 3 July 2020"
"Thursday, 6 May 2021"
"Tuesday, 26 January 2021"
"Tuesday, 4 May 2021"
"Friday, 15 January 2021"
"Wednesday, 29 January 2020"
"Monday, 8 November 2021"
"Thursday, 13 May 2021"
"Sunday, 2 February 2020"
"Saturday, 4 December 2021"
"Friday, 31 July 2020"
"Sunday, 30 May 2021"
"Thursday, 13 February 2020"
"Saturday, 26 December 2020"
"Friday, 13 March 2020"
"Sunday, 28 November 2021"
"Monday, 30 August 2021"
"Wednesday, 23 September 2020"
"Wednesday, 27 January 2021"
"Saturday, 8 February 2020"
"Wednesday, 24 March 2021"
"Thursday, 11 November 2021"
"Friday, 27 August 2021"
"Friday, 18 September 2020"
"Friday, 9 October 2020"
"Wednesday, 15 September 2021"
"Friday, 29 October 2021"
"Thursday, 20 August 2020"
"Friday, 12 November 2021"
"Thursday, 30 April 2020"
"Tuesday, 11 August 2020"
"Wednesday, 19 August 2020"
"Thursday, 11 November 2021"
"Sunday, 20 June 2021"
"Thursday, 14 October 2021"
"Wednesday, 1 December 2021"
"Monday, 22 November 2021"
"Saturday, 27 November 2021"
"Saturday, 13 June 2020"
"Saturday, 29 February 2020"
"Thursday, 18 March 2021"
"Sunday, 16 May 2021"
"Thursday, 2 April 2020"
"Thursday, 16 April 2020"
"Wednesday, 28 July 2021"
"Tuesday, 7 April 2020"
"Friday, 11 December 2020"
"Monday, 28 June 2021"
"Tuesday, 18 August 2020"
"Sunday, 12 July 2020"
"Saturday, 27 March 2021"
"Friday, 1 May 2020"
"Sunday, 21 March 2021"
"Monday, 8 November 2021"
"Tuesday, 28 July 2020"
"Monday, 11 October 2021"
"Thursday, 4 March 2021"
"Sunday, 14 February 2021"
"Sunday, 6 June 2021"
"Thursday, 26 August 2021"
"Thursday, 10 December 2020"
"Saturday, 15 May 2021"
"Tuesday, 13 October 2020"
"Tuesday, 23 November 2021"
"Thursday, 3 September 2020"
"Thursday, 25 November 2021"
"Wednesday, 1 April 2020"
"Wednesday, 31 March 2021"
"Tuesday, 20 July 2021"
"Saturday, 1 May 2021"
"Saturday, 25 December 2021"
"Sunday, 9 May 2021"
"Tuesday, 25 May 2021"
"Monday, 24 February 2020"
"Thursday, 15 October 2020"
"Tuesday, 27 April 2021"
"Monday, 17 February 2020"
"Wednesday, 17 March 2021"
"Wednesday, 5 May 2021"
"Thursday, 20 August 2020"
"Thursday, 30 July 2020"
"Saturday, 16 January 2021"
"Monday, 22 February 2021"
"Sunday, 24 January 2021"
"Sunday, 17 May 2020"
"Wednesday, 22 April 2020"
"Saturday, 13 February 2021"
"Wednesday, 2 September 2020"
"Sunday, 28 February 2021"
"Monday, 20 September 2021"
"Monday, 6 January 2020"
"Friday, 21 May 2021"
"Saturday, 7 March 2020"
"Friday, 25 December 2020"
"Sunday, 23 August 2020"
"Saturday, 11 September 2021"
"Thursday, 2 July 2020"
"Tuesday, 16 November 2021"
"Wednesday, 30 December 2020"
"Friday, 17 January 2020"
"Wednesday, 14 July 2021"
"Sunday, 4 April 2021"
"Saturday, 21 August 2021"
"Friday, 28 February 2020"
"Tuesday, 4 May 2021"
"Thursday, 29 April 2021"
"Monday, 22 June 2020"
"Tuesday, 16 March 2021"
"Saturday, 4 April 2020"
"Sunday, 21 June 2020"
"Sunday, 10 January 2021"
"Monday, 4 January 2021"
"Friday, 29 October 2021"
"Saturday, 17 April 2021"
"Sunday, 12 July 2020"
"Monday, 25 October 2021"
"Thursday, 26 August 2021"
"Sunday, 2 February 2020"
"Saturday, 11 December 2021"
"Sunday, 20 December 2020"
"Saturday, 27 November 2021"
"Tuesday, 3 November 2020"
"Wednesday, 14 October 2020"
"Friday, 19 November 2021"
"Wednesday, 15 July 2020"
"Sunday, 15 March 2020"
"Friday, 3 January 2020"
"Monday, 15 February 2021"
"Tuesday, 19 October 2021"
"Thursday, 2 April 2020"
"Friday, 6 August 2021"
"Tuesday, 14 January 2020"
"Sunday, 18 October 2020"
"Monday, 23 November 2020"
"Thursday, 20 August 2020"
"Saturday, 26 June 2021"
"Sunday, 13 December 2020"
"Thursday, 30 September 2021"
"Saturday, 26 June 2021"
"Wednesday, 27 May 2020"
"Thursday, 18 November 2021"
"Wednesday, 1 January 2020"
"Tuesday, 29 June 2021"
"Sunday, 11 October 2020"
"Friday, 21 February 2020"
"Tuesday, 12 May 2020"
"Wednesday, 8 April 2020"
"Friday, 2 April 2021"
"Thursday, 21 May 2020"
"Thursday, 17 June 2021"
"Sunday, 4 October 2020"
"Thursday, 18 March 2021"
"Sunday, 23 February 2020"
"Wednesday, 13 May 2020"
"Sunday, 10 October 2021"
"Thursday, 28 May 2020"
"Sunday, 14 March 2021"
"Monday, 28 September 2020"
"Friday, 15 May 2020"
"Tuesday, 19 May 2020"
"Saturday, 22 August 2020"
"Monday, 11 January 2021"
"Saturday, 11 July 2020"
"Friday, 13 November 2020"
"Sunday, 11 April 2021"
"Wednesday, 29 July 2020"
"Monday, 6 December 2021"
"Friday, 12 February 2021"
"Thursday, 16 September 2021"
"Thursday, 27 February 2020"
"Tuesday, 25 May 2021"
"Sunday, 30 August 2020"
"Saturday, 24 July 2021"
"Monday, 15 June 2020"
"Friday, 28 May 2021"
"Monday, 8 June 2020"
"Thursday, 17 September 2020"
"Monday, 24 February 2020"
"Saturday, 17 July 2021"
"Thursday, 6 May 2021"
"Sunday, 14 February 2021"
"Friday, 21 February 2020"
"Thursday, 22 April 2021"
"Friday, 14 May 2021"
"Tuesday, 26 October 2021"
"Sunday, 19 January 2020"
"Friday, 7 August 2020"
"Monday, 9 March 2020"
"Tuesday, 7 January 2020"
"Saturday, 4 September 2021"
"Thursday, 8 July 2021"
"Sunday, 7 November 2021"
"Monday, 13 December 2021"
"Wednesday, 28 April 2021"
"Tuesday, 27 July 2021"
"Thursday, 1 July 2021"
"Tuesday, 7 December 2021"
"Tuesday, 19 January 2021"
"Thursday, 28 May 2020"
"Friday, 18 June 2021"
"Saturday, 10 July 2021"
"Thursday, 21 October 2021"
"Sunday, 14 March 2021"
"Tuesday, 12 January 2021"
"Thursday, 27 February 2020"
"Saturday, 13 February 2021"
"Sunday, 31 May 2020"
"Sunday, 28 February 2021"
"Wednesday, 19 August 2020"
"Thursday, 13 August 2020"
"Saturday, 12 June 2021"
"Tuesday, 7 January 2020"
"Monday, 16 November 2020"
"Sunday, 14 November 2021"
"Wednesday, 14 October 2020"
"Monday, 25 October 2021"
"Monday, 17 February 2020"
"Thursday, 3 June 2021"
"Friday, 1 October 2021"
"Wednesday, 22 September 2021"
"Tuesday, 26 May 2020"
"Saturday, 15 August 2020"
"Friday, 24 July 2020"
"Sunday, 12 September 2021"
"Friday, 26 March 2021"
"Sunday, 14 November 2021"
"Sunday, 6 September 2020"
"Friday, 7 February 2020"
"Saturday, 17 April 2021"
"Thursday, 22 April 2021"
"Monday, 26 July 2021"
"Friday, 24 September 2021"
"Friday, 24 January 2020"
"Saturday, 31 July 2021"
"Thursday, 21 October 2021"
"Sunday, 24 May 2020"
"Tuesday, 29 December 2020"
"Friday, 15 May 2020"
"Friday, 2 July 2021"
"Friday, 20 August 2021"
"Monday, 15 November 2021"
"Sunday, 11 July 2021"
"Thursday, 25 February 2021"
"Saturday, 18 April 2020"
"Thursday, 10 December 2020"
"Wednesday, 16 June 2021"
"Saturday, 23 October 2021"
"Thursday, 15 October 2020"
"Thursday, 12 March 2020"
"Tuesday, 18 February 2020"
"Tuesday, 21 April 2020"
"Friday, 17 July 2020"
"Friday, 2 October 2020"
"Monday, 7 June 2021"
"Thursday, 15 July 2021"
"Friday, 17 December 2021"
"Saturday, 17 October 2020"
"Monday, 6 January 2020"
"Wednesday, 26 May 2021"
"Sunday, 21 June 2020"
"Thursday, 25 June 2020"
"Wednesday, 11 November 2020"
"Wednesday, 30 September 2020"
"Monday, 31 August 2020"
"Tuesday, 25 August 2020"
"Saturday, 14 August 2021"
"Saturday, 16 January 2021"
"Sunday, 28 June 2020"
"Saturday, 11 July 2020"
"Tuesday, 28 July 2020"
"Friday, 8 October 2021"
"Friday, 21 May 2021"
"Tuesday, 6 October 2020"
"Saturday, 5 September 2020"
"Saturday, 11 July 2020"
"Monday, 20 December 2021"
"Thursday, 4 March 2021"
"Sunday, 3 May 2020"
"Monday, 9 November 2020"
"Wednesday, 6 May 2020"
"Monday, 10 February 2020"
"Saturday, 31 October 2020"
"Friday, 27 March 2020"
"Thursday, 24 June 2021"
"Sunday, 17 May 2020"
"Sunday, 10 May 2020"
"Saturday, 19 June 2021"
"Monday, 15 February 2021"
"Friday, 26 June 2020"
"Sunday, 21 March 2021"
"Monday, 14 September 2020"
"Tuesday, 1 December 2020"
"Monday, 12 October 2020"
"Sunday, 2 August 2020"
"Monday, 19 October 2020"
"Tuesday, 5 October 2021"
"Sunday, 26 July 2020"
"Saturday, 5 June 2021"
"Sunday, 14 March 2021"
"Friday, 11 June 2021"
"Sunday, 4 July 2021"
"Friday, 16 July 2021"
"Monday, 18 October 2021"
"Thursday, 20 August 2020"
"Wednesday, 22 December 2021"
"Monday, 7 September 2020"
"Thursday, 8 April 2021"
"Sunday, 19 September 2021"
"Thursday, 8 October 2020"
"Tuesday, 18 August 2020"
"Monday, 15 March 2021"
"Sunday, 1 November 2020"
"Wednesday, 29 July 2020"
"Saturday, 18 July 2020"
"Friday, 19 February 2021"
"Saturday, 12 June 2021"
"Sunday, 21 November 2021"
"Monday, 28 September 2020"
"Thursday, 3 December 2020"
"Wednesday, 24 March 2021"
"Sunday, 29 November 2020"
"Monday, 11 January 2021"
"Wednesday, 2 June 2021"
"Wednesday, 1 September 2021"
"Thursday, 26 August 2021"
"Wednesday, 29 December 2021"
"Friday, 17 April 2020"
"Tuesday, 15 December 2020"
"Monday, 13 December 2021"
"Friday, 3 July 2020"
"Friday, 1 January 2021"
"Wednesday, 13 October 2021"
"Tuesday, 25 August 2020"
"Tuesday, 9 June 2020"
"Tuesday, 8 June 2021"
"Monday, 17 August 2020"
"Friday, 25 December 2020"
"Tuesday, 3 March 2020"
"Thursday, 16 July 2020"
"Friday, 15 October 2021"
"Friday, 6 August 2021"
"Tuesday, 14 September 2021"
"Wednesday, 20 May 2020"
"Sunday, 7 November 2021"
"Saturday, 26 December 2020"
"Thursday, 9 July 2020"
"Wednesday, 30 June 2021"
"Monday, 21 September 2020"
"Sunday, 23 February 2020"
"Saturday, 14 March 2020"
"Monday, 15 February 2021"
"Saturday, 5 June 2021"
"Saturday, 6 March 2021"
"Sunday, 8 August 2021"
"Monday, 1 February 2021"
"Thursday, 8 October 2020"
"Tuesday, 13 April 2021"
"Thursday, 21 January 2021"
"Thursday, 19 March 2020"
"Thursday, 12 November 2020"
"Thursday, 11 February 2021"
"Tuesday, 15 June 2021"
"Wednesday, 19 February 2020"
"Monday, 21 December 2020"
"Monday, 19 October 2020"
"Thursday, 2 April 2020"
"Saturday, 22 February 2020"
"Friday, 19 June 2020"
"Thursday, 28 January 2021"
"Wednesday, 21 July 2021"
"Thursday, 11 February 2021"
"Monday, 15 February 2021"
"Wednesday, 8 December 2021"
"Thursday, 18 March 2021"
"Wednesday, 19 February 2020"
"Sunday, 12 September 2021"
"Sunday, 19 January 2020"
"Saturday, 15 August 2020"
"Saturday, 13 June 2020"
"Sunday, 20 September 2020"
"Tuesday, 24 August 2021"
"Wednesday, 22 April 2020"
"Saturday, 26 June 2021"
"Monday, 10 February 2020"
"Monday, 8 February 2021"
"Thursday, 3 September 2020"
"Thursday, 13 May 2021"
"Thursday, 25 June 2020"
"Thursday, 19 August 2021"
"Monday, 6 July 2020"
"Saturday, 27 February 2021"
"Sunday, 27 June 2021"
"Thursday, 4 June 2020"
"Friday, 13 August 2021"
"Friday, 3 April 2020"
"Monday, 8 June 2020"
"Friday, 6 August 2021"
"Tuesday, 8 September 2020"
"Monday, 25 October 2021"
"Wednesday, 17 June 2020"
"Sunday, 18 October 2020"
"Thursday, 8 April 2021"
"Thursday, 30 December 2021"
"Thursday, 14 January 2021"
"Tuesday, 20 October 2020"
"Tuesday, 1 September 2020"
"Wednesday, 4 November 2020"
"Thursday, 13 May 2021"
"Monday, 16 November 2020"
"Sunday, 8 March 2020"
"Monday, 20 January 2020"
"Saturday, 4 April 2020"
"Tuesday, 16 June 2020"
"Saturday, 3 October 2020"
"Thursday, 9 September 2021"
"Saturday, 19 June 2021"
"Tuesday, 21 December 2021"
"Sunday, 24 January 2021"
"Sunday, 21 November 2021"
"Tuesday, 10 March 2020"
"Wednesday, 22 December 2021"
"Tuesday, 1 September 2020"
"Thursday, 14 January 2021"
"Thursday, 27 May 2021"
"Saturday, 22 August 2020"
"Sunday, 28 February 2021"
"Thursday, 2 July 2020"
"Monday, 1 February 2021"
"Saturday, 22 August 2020"
"Wednesday, 11 August 2021"
"Thursday, 30 January 2020"
"Wednesday, 15 December 2021"
"Monday, 13 December 2021"
"Thursday, 9 July 2020"
"Sunday, 25 July 2021"
"Saturday, 1 May 2021"
"Saturday, 26 September 2020"
"Monday, 5 July 2021"
"Friday, 26 June 2020"
"Sunday, 20 December 2020"
"Monday, 3 August 2020"
"Monday, 24 May 2021"
"Saturday, 11 January 2020"
"Saturday, 2 May 2020"
"Wednesday, 19 August 2020"
"Monday, 27 January 2020"
"Sunday, 12 April 2020"
"Thursday, 30 July 2020"
"Monday, 20 September 2021"
"Thursday, 3 September 2020"
"Monday, 7 September 2020"
"Monday, 18 October 2021"
"Sunday, 6 December 2020"
"Wednesday, 16 September 2020"
"Wednesday, 7 April 2021"
"Tuesday, 6 July 2021"
"Monday, 11 October 2021"
"Thursday, 30 September 2021"
"Friday, 2 July 2021"
"Monday, 3 May 2021"
"Sunday, 28 February 2021"
"Friday, 25 December 2020"
"Tuesday, 25 February 2020"
"Thursday, 2 September 2021"
"Sunday, 26 January 2020"
"Sunday, 12 July 2020"
"Sunday, 14 March 2021"
"Wednesday, 23 December 2020"
"Friday, 29 January 2021"
"Sunday, 15 August 2021"
"Sunday, 2 February 2020"
"Saturday, 26 September 2020"
"Friday, 5 June 2020"
"Friday, 19 February 2021"
"Monday, 11 January 2021"
"Wednesday, 2 June 2021"
"Thursday, 11 February 2021"
"Wednesday, 7 October 2020"
"Tuesday, 21 September 2021"
"Wednesday, 6 January 2021"
"Thursday, 17 September 2020"
"Tuesday, 22 December 2020"
"Wednesday, 13 January 2021"
"Saturday, 14 August 2021"
"Tuesday, 5 January 2021"
"Friday, 3 July 2020"
"Thursday, 17 June 2021"
"Thursday, 25 March 2021"
"Thursday, 11 June 2020"
"Sunday, 8 August 2021"
"Saturday, 13 November 2021"
"Monday, 23 August 2021"
"Thursday, 5 March 2020"
"Monday, 19 April 2021"
"Thursday, 18 February 2021"
"Thursday, 16 July 2020"
"Sunday, 23 May 2021"
"Sunday, 5 April 2020"
"Tuesday, 8 June 2021"
"Thursday, 1 April 2021"
"Saturday, 9 October 2021"
"Thursday, 4 June 2020"
"Wednesday, 1 September 2021"
"Tuesday, 16 June 2020"
"Wednesday, 6 May 2020"
"Tuesday, 25 May 2021"
"Monday, 25 May 2020"
"Tuesday, 16 March 2021"
"Wednesday, 3 March 2021"
"Friday, 15 January 2021"
"Friday, 17 December 2021"
"Monday, 30 November 2020"
"Friday, 10 December 2021"
"Thursday, 30 December 2021"
"Friday, 13 November 2020"
"Monday, 19 October 2020"
"Friday, 3 September 2021"
"Sunday, 29 November 2020"
"Sunday, 23 August 2020"
"Thursday, 18 March 2021"
"Tuesday, 21 September 2021"
"Sunday, 28 February 2021"
"Monday, 29 March 2021"
"Wednesday, 7 July 2021"
"Monday, 1 March 2021"
"Wednesday, 1 July 2020"
"Thursday, 5 November 2020"
"Thursday, 21 January 2021"
"Wednesday, 6 May 2020"
"Wednesday, 9 September 2020"
"Monday, 27 July 2020"
"Tuesday, 18 May 2021"
"Friday, 27 August 2021"
"Wednesday, 3 June 2020"
"Wednesday, 2 September 2020"
"Friday, 11 June 2021"
"Sunday, 16 February 2020"
"Tuesday, 4 February 2020"
"Monday, 8 June 2020"
"Saturday, 28 November 2020"
"Sunday, 12 April 2020"
"Friday, 11 December 2020"
"Wednesday, 8 July 2020"
"Wednesday, 28 July 2021"
"Tuesday, 5 October 2021"
"Tuesday, 2 November 2021"
"Monday, 24 August 2020"
"Saturday, 14 March 2020"
"Wednesday, 28 October 2020"
"Sunday, 2 August 2020"
"Monday, 7 December 2020"
"Saturday, 18 July 2020"
"Monday, 28 June 2021"
"Wednesday, 10 March 2021"
"Thursday, 7 October 2021"
"Thursday, 21 January 2021"
"Friday, 26 March 2021"
"Sunday, 6 June 2021"
"Tuesday, 23 February 2021"
"Wednesday, 3 February 2021"
"Saturday, 10 July 2021"
"Wednesday, 14 July 2021"
"Tuesday, 26 October 2021"
"Sunday, 13 September 2020"
"Monday, 29 March 2021"
"Friday, 2 April 2021"
"Tuesday, 8 December 2020"
"Friday, 1 January 2021"
"Sunday, 20 December 2020"
"Friday, 26 June 2020"
"Sunday, 21 February 2021"
"Wednesday, 8 January 2020"
"Monday, 3 August 2020"
"Sunday, 31 January 2021"
"Monday, 18 January 2021"
"Monday, 13 July 2020"
"Saturday, 13 February 2021"
"Sunday, 23 August 2020"
"Wednesday, 29 September 2021"
"Wednesday, 20 October 2021"
"Friday, 27 November 2020"
"Friday, 16 April 2021"
"Friday, 1 October 2021"
"Sunday, 28 June 2020"
"Wednesday, 21 April 2021"
"Friday, 21 May 2021"
"Thursday, 13 February 2020"
"Tuesday, 22 December 2020"
"Saturday, 10 October 2020"
"Monday, 27 September 2021"
"Sunday, 3 October 2021"
"Friday, 3 April 2020"
"Friday, 28 February 2020"
"Monday, 29 June 2020"
"Thursday, 10 December 2020"
"Wednesday, 28 April 2021"
"Wednesday, 8 January 2020"
"Sunday, 29 March 2020"
"Wednesday, 19 February 2020"
"Saturday, 22 May 2021"
"Thursday, 12 August 2021"
"Friday, 1 January 2021"
"Thursday, 1 July 2021"
"Sunday, 8 August 2021"
"Friday, 15 October 2021"
"Tuesday, 12 October 2021"
"Monday, 1 June 2020"
"Tuesday, 2 March 2021"
"Friday, 16 April 2021"
"Wednesday, 10 February 2021"
"Monday, 3 May 2021"
"Sunday, 9 August 2020"
"Tuesday, 1 June 2021"
"Thursday, 9 September 2021"
"Wednesday, 1 July 2020"
"Thursday, 3 September 2020"
"Wednesday, 22 September 2021"
"Saturday, 10 July 2021"
"Wednesday, 8 January 2020"
"Sunday, 14 February 2021"
"Tuesday, 24 August 2021"
"Tuesday, 5 May 2020"
"Wednesday, 29 July 2020"
"Thursday, 17 September 2020"
"Friday, 12 February 2021"
"Sunday, 3 January 2021"
"Monday, 18 May 2020"
"Wednesday, 31 March 2021"
"Thursday, 2 April 2020"
"Thursday, 24 June 2021"
"Saturday, 18 September 2021"
"Sunday, 11 April 2021"
"Thursday, 3 December 2020"
"Tuesday, 24 August 2021"
"Tuesday, 16 March 2021"
"Thursday, 16 January 2020"
"Wednesday, 22 July 2020"
"Monday, 5 October 2020"
"Thursday, 9 April 2020"
"Tuesday, 13 October 2020"
"Sunday, 2 February 2020"
"Friday, 25 June 2021"
"Saturday, 16 October 2021"
"Thursday, 14 January 2021"
"Wednesday, 8 December 2021"
"Saturday, 4 September 2021"
"Wednesday, 13 October 2021"
"Friday, 22 October 2021"
"Saturday, 14 March 2020"
"Friday, 15 January 2021"
"Thursday, 25 March 2021"
"Sunday, 4 July 2021"
"Wednesday, 27 October 2021"
"Friday, 1 May 2020"
"Tuesday, 7 July 2020"
"Saturday, 18 July 2020"
"Friday, 8 May 2020"
"Saturday, 27 June 2020"
"Saturday, 20 November 2021"
"Wednesday, 15 January 2020"
"Tuesday, 30 March 2021"
"Sunday, 9 May 2021"